594	color caballo blanco santiago	Lógica e ingenio
595	velocidad viaja luz	Ciencias
596	llama propietario anillo único saga señor anillos	Cine
597	coloradito mata lata nadie mate dirás	Lógica e ingenio
598	llama hermano pequeño siete novias siete hermanos	Cine
601	pasos dar botar balón balonmano	Deportes
602	decir tierra orbita alrededor sol	Ciencias
603	dijo: dinero da felicidad proporciona sensación parecida necesita especialista avanzado verificar diferencia	Miscelánia
604	miembros componen grupo oreja gogh	Música
605	año primera vez humano hizo paseo superficie lunar	Historia y cultura
606	primer transbordador espacial construido nasa	Tecnología
607	pintó nostalgia infinito	Arte
608	pelí­cula grease habí­an protagonistas chico famoso john travolta chica	Cine
609	director pelí­cula llamada grease	Cine
610	año estrenó primera pelí­cula guerra galaxias	Cine
611	atleta encendió pevetero olí­mpico flecha olimpiadas barcelona 92	Deportes
612	saga joven hechicero harry potter existe personaje mago tenebroso llama voldemort nombre nombrarse voldemort	Lengua y literatura
613	año publicado primer libro saga harry potter	Lengua y literatura
614	año ganó michael schumacher primer mundial	Deportes
615	escuderí­a laureada mundial constructores	Deportes
616	primer gp españa (1951) disputó	Deportes
617	fundador wikipedia	Internet
618	llama alternativa wikipedia china	Internet
619	mencionó tres leyes robótica primera vez	Ciencias
620	obra usó primera vez palabra robot	Ciencias
621	versión cinematográfica 2001: odisea espacio cadena hotelera establecimiento estación espacial	Cine
622	cuándo arranca conquista marte según crónicas marcianas ray bradbury	Lengua y literatura
623	concursantes última edicion operacion triunfo 2007 pertencen barcelona provincia barcelona	Televisión
624	pierna pasamos apoyo realizamos picada metz	Deportes
627	resultado multiplicar unidad propia unidad	Lógica e ingenio
628	juan tenia 100 cerditos vino huracán mató 25; cerditos quedan juan	Lógica e ingenio
629	padre renata 5 hijas chacha cheche chichi chuchu llama quinta hija	Lógica e ingenio
630	fecha nació google	Internet
631	año fundó empresa microsoft	Tecnología
633	función cumplia alhambra 1238	Historia y cultura
634	cantante popularizo canción aire sintonia actual canal cuatro	Televisión
635	función cumple agua construción histórica alhambra	Historia y cultura
636	palacios sobrevivido paso tiempos alhambra	Historia y cultura
637	quantas esposas permite koran	Religión
638	pintor español corresponde frase: inspiración existe encontrarte trabajando	Miscelánia
639	pintor pintó famoso cuadro gioconda conocido mona lisa	Arte
641	diosa griega entrego paris manzana oro inscripción bella	Historia y cultura
642	sí­mbolo potasio	Ciencias
643	gimnasia rí­tmica máximo ejercicio modalidad conjuntos	Deportes
644	signo carga electrón	Ciencias
645	temperatura punto triple agua	Ciencias
646	llama existir agua sólido lí­quido vapor vez	Ciencias
647	autor niñas	Lengua y literatura
648	son puentes hidrógeno	Ciencias
649	fórmula glucosa	Ciencias
650	masa átomo cloro	Ciencias
651	llama quí­mica computacional método iterativo sirve calcular mejor solución monodeterminantal ecuación schrödinger moléculas aisladas partir funciones base escoger	Ciencias
652	quí­mica computacional considerar núcleos mantienen fijos respecto movimiento electrones	Ciencias
655	unica faraón mujer antiguo egipto	Historia y cultura
656	nacionalidad escritora isabel allende	Lengua y literatura
658	denominaba plazas centro social comercial antigua grecia	Historia y cultura
659	tumba rica arqueologicamente descubierta tuthankamón	Historia y cultura
660	año produjo crack borsario new york	Historia y cultura
661	apodo conocido rey luis xiv francia	Historia y cultura
662	estando prohibido cambiar direccion izquierda cambio sentido	Miscelánia
663	2006 sido piloto fórmula 1 joven ganar mundial	Deportes
664	simbolo quí­mico valencia hidrógeno	Ciencias
665	ganó operacion triunfo 2006 2007	Televisión
666	pelí­culas musical	Cine
667	capital españa	Geografía
668	canción cantó maria segundo turno semifinal factor x	Televisión
669	educación conoce 3er nivel concreción	Miscelánia
670	obligatoria españa etapa educación infantil 0 6 años	Miscelánia
671	palabras significa lenguage informatico error	Tecnología
672	son verbos copulativos	Lengua y literatura
673	descubrió america	Historia y cultura
675	son hablan latin	Historia y cultura
676	latin	Historia y cultura
677	hay medio mar	Lógica e ingenio
678	ganó operación triunfo 2005	Televisión
681	extremidades 3 centauros	Biología
682	puntos hay total par dados	Lógica e ingenio
684	real medio sardina media costarán siete sardinas media	Lógica e ingenio
686	libros compuesta heptatologia	Lengua y literatura
687	llama quinto libro saga crónica narnia	Lengua y literatura
689	primeros barcos colon llegó america	Historia y cultura
690	subespecies chimpancés existen	Biología
691	nombre binomial chimpancés común	Biología
692	composición fotosfera contiene hidrógeno porcentaje aproximado hidrógeno fotosfera	Ciencias
693	parte estados unidos nació jazz	Música
694	año creó primera lí­nea subterránea metro nueva york	Historia y cultura
695	año comenzó guerra sucesión	Historia y cultura
696	año estrenó famosa pelí­cula padrino	Cine
697	oscars ganó primera pelí­culas saga padrino	Cine
698	marlon brando sido gran actor parte oscar recibido padrino llamaba pelí­cula obtuvo segundo oscar mejor actor	Cine
699	aparición conocida serie principe bel air dedicaba will smith	Televisión
700	conocemos julia roberts sabrí­an pelí­cula ganó primer único oscar	Cine
701	fecha nacimiento julia roberts	Cine
702	ciudad chilena nació pablo neruda	Lengua y literatura
703	nombre capital afganistán	Geografía
704	llama capital vietnam	Geografía
705	son enamorados protagonistas telenovela amores mercado	Televisión
706	llama programa enfrenta guapos (tontos) listos (feos)	Televisión
707	ganó factor x edición 2007	Televisión
709	bar cobraron 21 euros cerveza whisky whisky vale 20 euros má cerveza euros vale cerveza	Lógica e ingenio
711	paí­s nació maria teresa calcuta referimos nombre actual paí­s	Geografía
712	fecha nació j k rowling	Lengua y literatura
713	ludwik lejzer zamenhof	Miscelánia
714	oscars recibio retorno rey	Cine
715	siguientes s	Tecnología
716	nombre completo homer simpson	Televisión
717	nombre elfo tierra media tolkien	Cine
718	pedagogo estudio educacion infantil descubrimiento objetos naturaleza cercana niño	Miscelánia
719	famoso cantante cayo escenario durante conciertos	Música
721	fecha europeos pisaron primera vez tierras continente americano	Historia y cultura
722	paí­s pequeño mundo	Geografía
723	protagonista serie house apellido house nombre completo	Series
724	serie anatomia grey nombre interna aspecto oriental (o china)	Series
725	equipo ganado liga campeones uefa 2006/07	Deportes
727	tipo templo religioso sagrada familia barcelona	Historia y cultura
728	año estalló primera guerra mundial	Historia y cultura
729	artista pintó famoso cuadro creación adán	Arte
730	pintó famoso cuadro nacimiento venus	Arte
731	año publicada primera edición famoso libro guiness récords	Miscelánia
732	llama autor libro código da vinci	Lengua y literatura
733	tren mide 1 km tardará pasar túnel mide 1 km velocidad 1 km/h	Lógica e ingenio
734	situado pueblo castillejo martí­n viejo	Geografía
735	pueblos aparece paredes arco triunfo parí­s	Arte
738	años tení­a fernando alonso ganó primera carrera fórmula 1	Deportes
739	provincia pertenece pueblo manzanera	Geografía
743	horrocruxer	Miscelánia
744	llama estación londinense coje expreso hogwarths	Lengua y literatura
745	mascota hermione granger (de película harry potter)	Lengua y literatura
746	serie televisiva pertenecen siglas qaf	Series
747	deja justin capitulo tercera temporada qaf	Series
748	pareja segunda temporada qaf	Series
750	llama madre cocinera bar gay serie qaf	Series
751	llama famosos calle pittsburg grabada serie qaf	Series
752	serie cuatro protagonista femenina actriz películas hicisteis verano hicisteis verano	Series
753	primer largometraje walt disney	Cine
755	serie manga emitio tve padres intercanvian pareja hijos salen	Televisión
756	serie protagonista masculino actor encarna famosos hermano protagonista prision break	Series
757	pimer hijo melani lindsey serie qaf	Series
758	segundo hijo lindsey melanie serie qaf	Series
759	famoso psicólogo conocido principal promotor disciplina psicológica	Ciencias
760	condicionamiento daba famosa película naranja mecánica	Cine
761	hemisferio cerebro procesa mayor cantidad contenidos espaciales	Miscelánia
762	psicólogo creó teoría social interaccional	Ciencias
765	población catalana nació grupo música rock lak 'n 'busto	Música
766	profesión sandro botticelli	Arte
767	año nació michelangelo buonarroti	Arte
768	autor celebre cuadro creación hombre	Arte
769	famoso cuadro última cena	Arte
776	gano champions league temporada 2006 2007	Deportes
783	capital españa	Geografía
790	veces coronó campeón mundial fútbol república argentina 2010	Deportes
791	2010 veces coronó campeón mundial formula 1 argentino juan manuel fangio	Deportes
792	significado da palabra hattrick fútbol	Deportes
793	deporte dedicaba argentino ringo bonavena	Deportes
796	estrellas bandera nacional venezuela	Miscelánia
797	pen drive	Tecnología
798	png	Tecnología
800	nadie compraron casa nadie salió puerta ventana quedo	Lógica e ingenio
801	prado caminando animalito bonito	Lógica e ingenio
803	son cantantes rbd	Música
804	geografía define lengua tierra une través mar continentes península continente	Geografía
805	famosa frase repite bart simpsons	Televisión
806	plata oro	Lógica e ingenio
807	mascota ron personaje películas harry potter	Lengua y literatura
808	llaman hijos protagonista serie aída	Series
809	partir ácido araquidónico obtener enzima actúa lipooxigenasa	Ciencias
810	traduce gafas sol inglés	Miscelánia
811	separación cadenas complementarias molécula dna generalmente calentamiento denomina:	Ciencias
813	finalistas uefa temporada 07 08	Deportes
814	dna emparejamientos correctos bases son:	Ciencias
815	piscina argentino	Miscelánia
816	llama robot serie futurama	Series
817	llama bebé peculiar familia padre familia	Series
818	región dna asocia rna polimerasa empiece transcripción denomina:	Ciencias
819	clatrina proteí­na relacionada fenómenos de:	Ciencias
821	proceso digestión partes viejas célula recibe nombre de:	Ciencias
822	división citoplasma células recibe nombre de:	Ciencias
823	ovulación ovario libera:	Ciencias
824	antibióticos son fármacos adminstran tiene:	Ciencias
825	descubrió penicilina	Historia y cultura
826	agente etiológico causante tuberculosis es:	Ciencias
827	póker jugadas ganadora:	Miscelánia
828	llama actor encarnó personaje notario programa buenfuente	Televisión
829	llaman toallitas baño anuncia rana verde	Televisión
830	llama nueva pelí­cula matt damon continuación mito bourne	Cine
831	significa siglas fanoc	Miscelánia
832	son nombres 4 muñecas bratz originales	Infantil
833	apellido futbolista sevillista fallecido edad 22 años	Deportes
834	década nació cd rom	Tecnología
835	década realizaron primeras transmisiones ondas electromagnéticas (comunicación radio)	Tecnología
836	fecha oficial funda estados unidos america	Historia y cultura
839	ciudad catalana nació judit mascó	Corazón y famosos
840	fecha nació judit mascó	Corazón y famosos
841	fecha nacimiento antonio josé puerta jugador sevillista murió terreno juego	Deportes
842	pais corresponde capital reykjavik	Geografía
843	pertenece obra llamada señoritas avignon	Arte
844	año realizada obra señoritas avignon	Arte
845	guernica obra	Arte
846	años falleció pablo picasso	Arte
848	unidad fundamental mide	Ciencias
849	trabajaba albert einstein publicó teoria relatividad	Historia y cultura
850	capital brunei:	Geografía
851	paí­s correspone capital ulan bator	Geografía
852	capital francia	Geografía
853	ciudades aparece pilares arco triunfo paris	Arte
855	personaje serie qaf padece tumor testí­culos	Series
858	capital albania:	Geografía
859	capital noruega:	Geografía
860	jugador falleció temporada 06 07	Deportes
861	capital paises bajos:	Geografía
862	5 5 son 10 10 5 son	Lógica e ingenio
863	capital andalucia:	Geografía
864	llama mujer homer simpson	Series
865	autor obra lazarillo tormes	Lengua y literatura
866	capital navarra:	Geografía
867	capital italia:	Geografía
868	capital croacia:	Geografía
869	capital bosnia herzegovina:	Geografía
870	capital yugoslavia:	Geografía
871	capital macedonia:	Geografía
872	capital grecia:	Geografía
873	capital bulgaria:	Geografía
895	españoles ganado campeonato mundial (fism) cartomagia 2007	Miscelánia
898	presidencias hubo juan domingo peron argentina	Historia y cultura
900	concavidad espesor muro colocar estatua jarrón cosa	Arte
901	malquerencia nacida ánimo desengaños sufridos consecución deseos empeños vanidad	Lengua y literatura
902	dicho persona: engreída inoportuno vano alarde erudición téngala realidad (adjetivo)	Lengua y literatura
903	espantar huir perros animales voz za	Lengua y literatura
904	falto piedad religiosa compasión	Lengua y literatura
905	filosofía aristóteles objetivo actividad completa perfecciona cosa irreal	Lengua y literatura
906	persona perdido juicio	Lengua y literatura
907	procediente nativo manchester	Lengua y literatura
908	capital bangladesh	Geografía
909	capital ecuador	Geografía
910	capital australia	Geografía
911	ganador eurobasket 2007	Deportes
912	llama bebida fermentada base yuca maiz elaboran tribus amazónicas	Historia y cultura
913	nombre tribus amazónicas jí­baros reconocen dios selva	Historia y cultura
914	nombre tribus amazónicas reconocen selva	Historia y cultura
915	escribió mal	Lengua y literatura
916	autor shogun	Lengua y literatura
917	cuátos oscars ganó pelí­cula braveheart mel gibson	Cine
918	autor abc felicidad	Lengua y literatura
919	oscars ganó pelí­cula normas casa sidra	Cine
920	llama protagonista videojuego final fantasy vii	Videojuegos
921	director pelicula vida secreta palabras	Cine
922	capital colombia:	Geografía
923	encontrar cascada salto angel	Geografía
924	pais peretenecen islas galápagos	Geografía
925	pais pertenece isla pascua	Geografía
926	pico alto ecuador	Geografía
927	siguientes volcanes alto	Geografía
928	llama famosa serie coproducida tom hanks spielberg	Series
929	capital turquia:	Geografía
930	nombre ficticio plano matrix protagonista neo	Cine
931	escribió antigona	Lengua y literatura
932	material suelen lanzas utilizan indí­genas cazar pescar matar hombres	Historia y cultura
933	indigenas amazona utilizan barbasco	Historia y cultura
934	nombre recibe brebaje toman indigenas ver futuro enfrentarse miedos	Historia y cultura
935	suele llamarse cerdo animal sudamerica	Lengua y literatura
936	dónde encontrar cascada san rafael	Geografía
937	llama director pelicula tigre	Cine
938	actor protagonista pelí­cula big fish	Cine
939	actriz pelí­cula memento	Cine
940	edad murió mí­tico lí­der nirvana kurt cobain	Música
941	fecha atribuir comienzo d filosofia	Historia y cultura
942	etapa educación infantil obligatoria 3 6 años	Miscelánia
943	concursante gran hermano 9 abandono casa supuesto acoso compañera paula	Televisión
944	puntos perdió españa final eurobasket 2007	Deportes
945	llama burrito aparece serie dibujos animados winnie the pooh	Infantil
946	pelicula disney aparece pulpo gigante llamado ursula	Infantil
947	llama hija ariel película sirenita 2 regreso mar	Infantil
948	banda sonora pelí­cula disney contaron presencia phil collins interpretara canciones	Cine
949	cantante echo socio honorifico betis después ofrecer concierto gira sevilla	Música
950	siguientes obras arquitectonicas humanidad 7 nuevas maravillas mundo	Historia y cultura
951	tia carmen 46 años amparo 5 años luisa edad luisa mitad tia carmen años amparo	Lógica e ingenio
952	mamífero mayor gestación	Biología
953	planeta temperaturas elevadas sistema solar	Ciencias
954	año entregó primera vez premio nobel	Historia y cultura
955	ciudad quemaron rusos fuese conquistada napoleón	Historia y cultura
956	siguientes palabras sinónima lardo	Lengua y literatura
957	siguientes palabras sinónima petimetre	Lengua y literatura
958	fecha inicio construcción oficial titanic	Historia y cultura
959	cientocincuenta sillas siento cincuenta monos sillas libres quedan	Lógica e ingenio
960	año sucedió batalla trafalgar	Historia y cultura
961	dada siguiente serie indicar número falta:  0 1 1 2 3 5 13 21	Lógica e ingenio
965	indicar siguientes números múltiplo 3	Lógica e ingenio
966	balonmano referimos hablamos colgada	Deportes
967	cuadros vendió gogh durante vida	Arte
968	año celebró exposición internacional barcelona	Historia y cultura
969	familia mecenas antoni gaudí	Historia y cultura
971	capital samoa	Geografía
972	encuentra ubicada república vanuatu	Geografía
973	venezuela encuentra población escuque	Geografía
974	está vereda  calle; está cerradura  está llave	Lengua y literatura
975	falta mona lisa rostro	Arte
976	años comprende período sesquicentenario	Historia y cultura
977	selva náufragos apilaron 15 cocos noche pasó mono llevó cocos 6 tarde pasó gorila llevó cocos 4 cocos quedaron	Lógica e ingenio
978	capital venezuela	Geografía
982	año nacio bill gates	Internet
983	nombre real bill gates	Internet
986	blanca leche negra café habla lengua camina pies	Lógica e ingenio
987	años duró guerra cien años	Historia y cultura
992	meses 28 dias	Deportes
994	dejas caer kilo plomo kilo oro kilo algodon tres cae	Lógica e ingenio
997	comunidad autonoma encuentra localidad gallarta	Geografía
1024	significan siglas ibm	Historia y cultura
1027	planeta grande sistema solar	Miscelánia
1028	planeta sistema solar menor periodo orbital	Lógica e ingenio
1029	planeta sistema solar mayor rotación	Lógica e ingenio
1030	siguientes planetas planeta enano sistema solar (según resolución uai 2006)	Ciencias
1139	quiere decir game over	Miscelánia
1140	quiere decir vs	Miscelánia
1141	enanitos acompañaban blancanieves	Infantil
1142	número pi	Ciencias
1143	llama arteria sale ventrículo izquierdo	Biología
1144	profesionales hay cesped campo futbol partido lfp (sin contar banquillo campo)	Deportes
1145	water palabra	Miscelánia
1146	velocidad maxima circular ciclomotor autovia	Miscelánia
1150	celebra dia internacional mujer	Miscelánia
1151	tecnología transmisión inalámbrica datos:	Tecnología
1152	litros barril petroleo	Miscelánia
1153	cuáles son nombres hermanos serie friends	Series
1154	capital ciudad grande eslovaquia	Geografía
1155	dónde encuentra rio orange	Geografía
1171	color logotipo mcdonald 's	Miscelánia
1173	color son mangas chaleco blanco napoleon	Lógica e ingenio
1174	capital albania	Geografía
1176	dónde encuentra estadio fútbol grande mundo	Deportes
1177	ciudad poblada mundo	Geografía
1179	serie friends llama hija rachel	Series
1180	autor primer gol mundial fútbol	Deportes
1182	pais realizaran olimpiadas año 2008	Historia y cultura
1184	ciudad encuentra situada orillas río támesis sureste isla gran bretaña	Geografía
1185	completa frase: tai chi chuan ____	Música
1186	número pi igual	Tecnología
1188	nombre recibe famosa doctrina militar utilizada ejército alemán iiww	Historia y cultura
1189	fecha comienza conflicto mundial iiww ataque alemania polonia	Historia y cultura
1190	nombre recibe pacto firmado japón alemania nazi posteriormente sería firmado italia españa hungría comprometen protegerse amenaza comunista	Historia y cultura
1191	países firmaron acuerdos munich aprobaba incorporación sudetes (que formaban parte checoslovaquia) alemania nazi	Historia y cultura
1192	nombre recibe noche 30 junio 1934 inició purga alemania asesinatos dirigentes sa disidentes opositores políticos régimen	Historia y cultura
1193	hitler nació vivió edad 24 años	Historia y cultura
1194	llama soldado japonés iiww rindió 1974 superior había dado órdenes proteger isla lubang ordenara contrario	Historia y cultura
1195	realizó 1901 primer radioenlace transatlántico través 3 360 km océano	Historia y cultura
1196	famoso ilusionista siglo xix considerado padre magia moderna	Miscelánia
1197	posición quedas carrera adelantas segundo	Lógica e ingenio
1198	esgrima florete parte cuerpo considera blanco válido realizar tocado estocada	Deportes
1200	península asiática desarrolló civilización hitita	Geografía
1201	apodo cinematográfico mario moreno	Cine
1202	esculpió discóbolo	Arte
1203	carga eléctrica anión	Ciencias
1204	equipo baloncesto verías jugar casa staples center	Deportes
1205	país actual ciudad jericó	Geografía
1206	isla reinó minos	Historia y cultura
1207	dió fama famoso palacio cnossos	Historia y cultura
1208	europeo dio primera vuelta tierra cápsula espacial	Ciencias
1209	nombre inglés error ejecución denominado violación segmento	Tecnología
1210	llamaría habitante luna	Ciencias
1211	autor lazarillo tormes	Lengua y literatura
1212	cuáles son nombres reales dj pastis & buenri	Música
1213	acorde guitarra toca dedo corazón 5ª cuerda anular 4ª cuerda	Música
1214	autora autora libro diario ninfómana	Lengua y literatura
1215	coste aproximado fichaje cristiano ronaldo real madrid	Deportes
1216	significan siglas inglés ram mundo informática	Tecnología
1217	número máximo caracteres permitidos tweet	Internet
1218	capital república democrática congo	Geografía
1219	dijo dadme punto apoyo moveré mundo	Geografía
1220	físico estadounidense considerado padres bomba atómica	Historia y cultura
1221	esposas tuvo enrique viii inglaterra	Historia y cultura
1222	presidentes tuvo república argentina 15 diciembre 2001 15 enero 2002	Historia y cultura
1223	finales campeonato mundial selecciones perdió brasil año 2010	Deportes
1224	años duró guerra 100 años	Historia y cultura
1225	diosa transformaba diosa guerrera sekhmet apacible	Historia y cultura
1226	ushebtis	Historia y cultura
1227	patas insecto	Biología
1228	llama actriz protagonista saga resident evil	Cine
1229	llamaban pequeños trabajadores cuevas fraggle	Televisión
1230	atletismo longitud prueba marathon	Deportes
1231	webs puedes alquilar cosas tienes casa	Internet
1232	serie aparecia poti poti (un monstruo verde personajes podía convertir malos frutas	Infantil
1233	mítico creador original monkey island	Videojuegos
1234	responde nombre ponup	Tecnología
1235	rey galicia convirtió emperador 1109	Historia y cultura
1236	enfrentas final juego shin megami tesei: persona 2	Videojuegos
1237	llamó principio fontanero mario	Videojuegos
1238	mayor nivel alcanzar juego disgaea 3: absence of justice	Videojuegos
1239	raza saga disgaea coletilla palabra dood	Videojuegos
1240	serie shin chan japón emite horario infantil después serie	Televisión
1241	fué causa muerte e kricevskoi padre laharl serie disgaea	Videojuegos
1242	ordenó reconstrucción pantheon romano	Arte
1243	tipo construcción coliseo	Arte
1244	dedos simpsons mano	Televisión
1245	descubrimiento arqueológico finales siglo xviii permitió jean françois champollion descifrar escritura geroglífica	Arte
1246	realizó tumba papa julio ii encuentra escultura conocida moisés	Arte
1247	película dirigió jack nicholson interpretando detective privado	Cine
1248	películas actuado carmelo gómez emma suarez (incluye cortometrajes tv movies incluye documentales)	Cine
1249	concepto matemático suma infinitos sumandos infinitamente pequeños	Ciencias
1250	nombre narrador serie himym (how i met your mother)	Series
1251	actor interpretó primer james bond 1962	Cine
1252	siguientes pecados pecado capital	Religión
1253	nacionalidad luchador vega street fighter	Videojuegos
1254	había doctorado ross protagonistas serie friends	Series
1255	dónde fabrica jamón famoso mundo	Miscelánia
1256	juego sonic aparecía primera vez knuckles	Videojuegos
1257	cuesta entrenar zángano zerg starcraft 2	Videojuegos
1258	dios hijo protagonista saga baldur 's gate	Videojuegos
1259	película deportista interpretado cuba gooding jr gritaba agente tom cruise teléfono ¡enséñame pasta!	Cine
1260	personaje super street fighter ii combatía brazil	Videojuegos
1261	llamaba plátano serie fruitis	Series
1262	entrega star wars escuchó: padre	Cine
1263	llamaba hechicero gran visir sultán película disney aladdin	Cine
1264	color son botones mono mario	Videojuegos
1265	islas conforman archipiélago canario	Geografía
1266	actores forma parte ocean 's eleven	Cine
1267	rio islas canarias	Geografía
1268	color 2º google	Internet
1269	razas participa guerra starcraft	Videojuegos
1270	grandes premios compone mundial formula 1 2010	Deportes
1271	llama protagonista pelo naranja seria manga bleach	Series
1272	islas mayor longitid costas	Geografía
1273	gentilicio habitantes isla fuerteventura	Geografía
1274	100 pajaros arbol disparamos espopeta perdigones matamos pajaros quedan arbol	Lógica e ingenio
1275	gentilicio habitantes isla lanzarote	Geografía
1276	juego regalaban comprar master system ii	Videojuegos
1277	gentilicio habitantes isla tenerife	Geografía
1278	gentilicio habitantes gran canaria	Geografía
1279	infancia superheroe basa serie smallville	Series
1280	llama personaje malvado aparece serie pitufos	Infantil
1281	especies pertenece clase arácnidos	Biología
1282	capital nueva zelanda	Geografía
1283	pelos filemón compañero mortadelo cabeza	Infantil
1284	apellido filemón jefe mortadelo	Infantil
1285	fundador facebook	Internet
1286	trata novela multimillonarios accidente escrita ben mezrich	Lengua y literatura
1287	miras reloj agujas marca 3:15 angulo agujas (la respuesta 0)	Lógica e ingenio
1288	primer borbón reinar españa	Historia y cultura
1289	sería nombre real principe felipe caso nombrado rey españa	Historia y cultura
1290	director primer largometraje natalie portman	Cine
1291	llama protagonista silencioso saga half life	Videojuegos
1292	acontecieron sucesos noche cristales rotos	Historia y cultura
1294	famosa canción oasis forma parte banda sonora película efecto mariposa	Música
1295	personajes aparece juego final fantasy vi	Videojuegos
1296	nombres designa número irracional 2 718281828	Ciencias
1297	nombres designa número irracional 2 718281828	Ciencias
1298	saga videojuegos aparece grupo formado marcus dom cole baird	Videojuegos
1299	prenda ropa favorita barney stinson personaje serie how i met your mother	Series
1300	canciones cantaba louis amstrong	Música
1301	unidades juego starcraft ii pertenece raza protos	Videojuegos
1302	personajes antagonista ningún videojuego final fantasy	Videojuegos
1303	compuso banda sonora juego lost odyssey	Videojuegos
1304	nombre protagonista campaña juego starcraft ii: wings of liberty	Videojuegos
1305	dirigió película memento	Cine
1306	nombre real l personaje anime death note	Series
1307	año estrenó película primer	Cine
1308	unidades almacenamiento información grande	Tecnología
1309	dónde nació salvador dalí i domènech	Arte
1310	cidad murió pintor joan miró	Arte
1311	wassilly kandisnsky sufria enfermedad marcó completo creaciones artísticas	Arte
1312	figuras musicales durada menor (para tempo)	Música
1313	teclas suelen pianos modernos	Música
1315	tipo instrumentos fabricaba antonio stradivari	Música
1316	equipos jugó luigi bertolini	Deportes
1320	llama actor serie 24	Series
1322	personajes hay famoso videojuego español comandos 1	Videojuegos
1323	magia negra poderosa final fantasy iv	Videojuegos
1324	síndrome caracteriza acumulación grandes cantidades dinero desperdicios domésticos	Ciencias
1325	capital alaska	Geografía
1326	banda ganó segunda edición abdc (america 's best dance crew)	Televisión
1327	plectroglyphidodon dickii	Biología
1328	cantante pertenece álbum nombre back to basics	Música
1329	válvulas electrónicas tubos vacío tenía eniac (electronic numerical integrator and computer)	Historia y cultura
1330	siguientes consultas sql correcta	Tecnología
1331	significan siglas ceo inglés	Miscelánia
1332	dónde proviene nombre final fantasy	Videojuegos
1333	llama perro heidi	Televisión
1334	distancia está tierra luna	Ciencias
1335	color son zapatillas sonic	Videojuegos
1336	llamaba gruñón simpático cascarrabias protagonista película pixar up levanta casa suelo miles globos	Cine
1337	llama niño explorador parlanchín película pizar up	Cine
1338	autor album hooked on feeling	Música
1339	año publicó primera entrega saga fifa	Videojuegos
1340	acorde componen notas re fa sostenido do	Música
1341	acordes pertenece escala diatónica do mayor	Música
1342	vocalista grupo the killers	Música
1343	película stanley kubrick director utilizó cámara lentes originalmente fabricadas nasa	Cine
1344	películas ciencia ficción está inspirada obra escritor norteamericano philip k dick	Cine
1345	años tenía actor michael j fox estrenó película regreso futuro (back to the future) interpreta adolescente	Cine
1346	película ganó primer oscar mejor director cineasta martin scorsese	Cine
1347	cineasta está considerado grandes historia cine español habiendo estrenado largometrajes espíritu colmena (1973)	Cine
1348	película ciencia ficción encontramos elipsis decenas miles años pasar imagen hueso nave espacial	Cine
1349	teniendo cuenta inflación probablemente película recaudado dinero historia cine	Cine
1350	película militar interpretado robert duvall habla olor napalm mañanas	Cine
1351	película 1980 supuso fracaso económico proporciones contribuyó poner estudios united artists libertad creativa raras veces vista hollywood	Cine
1352	primera película sonora (con diálogos sincronizados imágenes) historia cine	Cine
1353	película alfred hitchcock popular aparte enorme éxito comercial escena estrella reparto asesinada media hora metraje	Cine
1354	países forma gobierno monarquía	Historia y cultura
1355	película japonesa contribuyó decisivamente popularizar cinematografía país ganar león oro festival venecia 1951	Cine
1356	actores encontrarías reparto película acción 80	Cine
1358	siguientes películas hay superhéroes	Cine
1359	quiénes son néstor almendros gil parrondo	Cine
1360	rosebud película ciudadano kane (citizen kane)	Cine
1361	siguientes personas caracteriza haber dirigido populares películas acción años 80	Cine
1362	siguientes películas célebre western	Cine
1363	películas sido producida pixar	Cine
1364	continente originaria patata	Historia y cultura
1365	nombre alan smithee responde a:	Cine
1366	siguientes fué cineasta importante durante nouvelle vague	Cine
1367	pitufos	Infantil
1368	siete enanitos blancanieves	Infantil
1369	película pixar muda (en sentido hay diálogos) durante aproximadamente mitad metraje	Cine
1370	diseñó cúpula catedral santa maría di fiore	Arte
1371	nombre edificio recluta infanteria mmog travian	Videojuegos
1372	año lanzamiento popular red social facebook	Internet
1373	capacidad blu ray disc	Tecnología
1374	capital rusa durante revolución 1917	Historia y cultura
1375	año murió cervantes	Lengua y literatura
1376	compañia trabajaba protagonista pelicula tres billy wilder	Cine
1377	persona nació 23:59 horas 20 abril 1984 años solares completos habría vivido momento reloj marque 00:01 21 abril 1985	Lógica e ingenio
1379	ciudad encuentra sede gobierno países bajos	Geografía
1380	siguientes países figuraba fecha 2010 acuerdo schengen cuya finalidad eliminar controles fronterizos estados europeos	Historia y cultura
1381	películas participó actor arnold schwarzenegger	Cine
1382	película ningún juego asociado	Videojuegos
1383	país transcurre trama resident evil 4	Videojuegos
1384	juego jugando personajes encuentran gold saucer	Videojuegos
1385	g f aparece final fantasy viii	Videojuegos
1386	mítico enemigo saga final fantasy capaz producir estados alterados protagonistas ataque aliento fétido	Videojuegos
1387	personajes rey lost odyssey	Videojuegos
1388	nombre protagonista antagonista juego blue dragon	Videojuegos
1389	grupo catalán interpreta cancion 20 minuts d 'espera	Música
1390	canciones interpreta mike oldfield	Música
1391	llama hermana lightning final fantasy xiii	Videojuegos
1392	nombre protagonista saga runaway	Videojuegos
1393	artistas versionado famosa canción joan manuel serrat mediterraneo	Música
1394	segundo apellido andrés iniesta	Deportes
1395	nombre original serie anime chicho terremoto	Infantil
1396	complemento agente está formado sintagma tipo	Lengua y literatura
1397	significado emoticono d[ _ ]b	Internet
1398	son creadores google	Internet
1399	artistas banda rock son conocidos “the toxic twins”	Música
1400	equipo robinho salir real madrid	Deportes
1402	genomas hay mayoría células eucariotas	Biología
1404	milímetros mayoría fotogramas películas cine	Cine
1405	ciudad está sede gobierno países bajos	Geografía
1406	nombre usado definir grano maíz tostado reventado vende salas cine	Miscelánia
1407	colores forma parte tres primarios	Arte
1408	dónde está archipiélago svalbard	Geografía
1409	dónde está situado santuario fátima importantes mundo cristiano	Geografía
1410	superhéroes forma parte universo x men	Miscelánia
1411	pesan aire libre dinamometro masa hierro madera plomo casos instrumento marca exactamente 1 kg masas mayor peso real	Ciencias
1412	primera compañera mónica serie friends	Series
1419	reúnen chicos friends	Series
1420	janice serie friends	Series
1427	serie friends casa mónica	Series
1428	temporadas total serie televisió friends	Series
1429	personaje bíblico recibió 10 mandamientos enviados dios	Religión
1430	famílias aves pertenece familia aves rapaces	Biología
1431	representan teclas negras piano	Música
1432	llama nave serie firefly	Series
1436	cadena television norteamericana acabó prematuramente serie firefly	Series
1437	idiomas hablan mayormente universo firefly	Series
1439	capital uruguay	Geografía
1440	capital portugal	Geografía
1441	capital irlanda	Geografía
1442	nombre amigo indio sheldon leonard serie the big bang theory	Series
1443	famoso juego juegan noche semana chichos the big bang theory	Series
1444	militar siguientes alto	Historia y cultura
1445	personajes hay primer juego comandos	Videojuegos
1447	famoso personaje doraemon	Infantil
1448	dura temporada 24	Series
1449	animales metio moises arca	Religión
1451	compañía juego max payne	Videojuegos
1452	nombre actriz protagonista película ganadora 4 oscars million dollar baby	Cine
1456	autora benquerida catástrofe	Lengua y literatura
1457	libro sagrado islam	Religión
1458	palabra reservada lenguaje programación java importar clases paquete	Tecnología
1459	llama conejo blanco aparece vez show craig ferguson	Televisión
1460	fundador líder partido falange española	Historia y cultura
1461	autor siguiente poema   mirada mundo; sonrisa cielo; beso ¡yo sé diera beso!	Lengua y literatura
1462	llama serie taylor coeficiente igual zero	Ciencias
1463	tipo obra catedral bazar	Lengua y literatura
1464	javier elorrieta pérez diego	Historia y cultura
1465	días tubo año 1924	Miscelánia
1466	animal vertebrado pelo glándulas mamarias pequeño mundo	Biología
1467	llama autor cryptonomicón	Lengua y literatura
1468	llama autor juego ender	Lengua y literatura
1469	llama autor dune	Lengua y literatura
1470	llama autor neuromante	Lengua y literatura
1471	termintator 2: día juicio final dia skynet bombardearía planeta	Cine
1476	significan siglas stars resident evil	Videojuegos
1477	necesitas cruzar atlántico	Lógica e ingenio
1478	animal nemo protagonistas película pixar 2003	Cine
1479	películas transcurre mayoría nave espacial	Cine
1480	héroes superpoderes	Miscelánia
1481	llaman hijos ned flanders vecino familia simpsons	Series
1482	cuáles son siete primeras letras teclado ordenador español	Miscelánia
1483	personajes películas disney animal	Cine
1484	animales son perdita pongo protagonisats película disney	Cine
1485	personajes cómics creado francisco ibáñez	Infantil
1486	canciones forma parte repertorio grupo mexicano mana	Música
1487	serie perdidos personaje profesión cirujano	Series
1488	cúal tecnologías corresponde tipo televisor/monitor	Tecnología
1489	localidad española dice tacita plata	Geografía
1490	autor cuadro grito	Arte
1491	pajaro pequeño mundo	Biología
1493	verdadero nombre darth vader	Cine
1494	hijos/as julio iglesias	Corazón y famosos
1496	provincias españa	Geografía
1497	lanzadas bombas hiroshima nagasaki	Historia y cultura
1498	escala musica después sol	Música
1499	nombres corresponde ciudad turquía	Geografía
1500	películas salen zombies	Cine
1501	llamaba amigo conejo bambi	Cine
1502	serie americana anatomia grey emitida cuatro actor patrick dempsey es:	Televisión
1503	país actual formaron parte pakistán bangladesh	Geografía
1504	aves probable encontrar paisaje delta	Biología
1505	aves és azul	Biología
1506	aves actividad preferentemente nocturna	Biología
1509	caso cheadler	Series
1510	llama hija belén esteban	Corazón y famosos
1511	función básica seres vivos	Biología
1513	ciudad desarrolla dead rising 2	Videojuegos
1514	nombre clave personaje eliza dushku dollhouse	Televisión
1515	representacion binario número 42	Tecnología
1516	legend of zelda parte triforce link portador	Videojuegos
1518	legend of zelda parte triforce zelda portadora	Videojuegos
1519	the legend of zelda: twilight princess​ llama princesa ocaso	Videojuegos
1520	llama personaje zooey deschanel película (500) días	Cine
1521	llama primer disco paramore	Música
1522	siguientes jugadores ganado anillo nba	Deportes
1523	cúal siguientes ríos afluente ebro	Geografía
1526	participantes hay carrera igpx	Televisión
1527	especie animal obtiene epibatidina	Biología
1528	fecha realizó primera patente bolígrafo	Historia y cultura
1529	límite superior nivel vuelo tenía concorde	Tecnología
1530	tecnología tranmisión datos	Tecnología
1531	creador saga touhou	Videojuegos
1532	vida caja bombones personaje ficción dijo	Cine
1533	última vez estuve mujer visité estatua libertad actor dijo frase película	Cine
1534	cds permiten grabar 72 minutos música duración obra musical	Música
1535	llamaba máquina cifrado ejército aleman durante segunda guerra mundial	Historia y cultura
1536	general alemán encargado defensa francia momentos previos invasión aliada 1944	Historia y cultura
1537	cúal cima alta cataluña	Geografía
1538	animal considerar manera inmortal	Biología
1539	creador linux	Tecnología
1540	fecha febrero 2011 página web vista mundo	Internet
1541	general reformó ejército romano	Historia y cultura
1542	pisó luna primera vez	Historia y cultura
1543	años tenía pelé debutó seleción brasileña	Deportes
1544	fecha dejo gmail aplicación fase beta	Internet
1545	pintó fragua vulcano	Arte
1546	cúanto duró pontificado papa juan pablo i	Historia y cultura
1547	cortó nudo gordiano	Historia y cultura
1549	cúal animales encuentra island galápagos (ecuador)	Biología
1550	escribió cuentos alhambra	Lengua y literatura
1551	pontífice recuerda pseudónimo papa bueno	Religión
1552	obra pedestal estatuas	Lengua y literatura
1553	pinacoteca europea encuentra obra paraguas pierre auguste renoir	Arte
1554	escribió hojas hierba	Lengua y literatura
1555	fué autor famosa columnata vaticano	Arte
1556	premio nobel literatura escribió esperando bárbaros	Lengua y literatura
1557	escribió obra surrealista historias cronopios famas	Lengua y literatura
1558	comienzos simpson nombre podían leer iniciales cabeza homer	Series
1559	trabajaba michael k personaje creado coetzee	Lengua y literatura
1560	turbación ánimo suele encender color rostro ocasionada falta cometida ejemplo: escribir vergüenza diéresis	Lengua y literatura
1562	autor celestina	Lengua y literatura
1563	país europa encuentra washinton	Geografía
1564	autor tragedia medea	Lengua y literatura
1565	generación literaria perteneció antonio machado	Lengua y literatura
1566	segundo lp grupo pamplonica barricada	Música
1567	lps publicaron sangre azul separarse	Música
1569	cantante ac/dc disco highway to hell	Música
1570	fué creador free jazz	Música
1571	veces llama puerta sheldon cooper protagonista the big bang theory	Series
1572	profesión sheldon cooper serie big bang theory	Series
1573	mayoría neveras son blancas beben vacas	Lógica e ingenio
1574	hijo padre hermano	Lógica e ingenio
1575	trenes recorren 100 kilómetros velocidad tarda 1 hora media 90 minutos posible	Lógica e ingenio
1576	año acabarán direcciones ipv4	Internet
1577	hombre pasar 3 sandias viaje lado puente puente soporta peso 1 persona 2 sandias teniendo cuenta personaje supera reto profesión	Lógica e ingenio
1578	completa secuencia: 2 1 4 4 8 7 16 10	Lógica e ingenio
1579	músico compositor falleció 8 diciembre 1980 nueva york	Música
1580	año salió venta disco ¡corre corre! leño	Música
1581	nombre dueño bar diario homer simpson	Series
1582	general napoleon fundó casa real hoy dia mantiene trono	Historia y cultura
1583	afinación estándar eléctrico 4 cuerdas comenzando cuerda grave	Música
1584	representa símbolo # música	Música
1585	corriente artística enmarca cuadro ofelia sir john everett millais	Arte
1586	productor rapero estadounidense considerado padrino eminem	Música
1587	llama juego billar practica 15 bolas rojas 6 colores	Deportes
1588	guionsita comic está basada v vendetta	Cine
1589	llama fotografías humorísticas gatos habitualmente acompañadas textos sobreimpresos	Internet
1590	cúal lugar nacimiento expresidente j maría aznar	Historia y cultura
1591	cúal lugar nacimiento j luis rodriguez zapatero	Historia y cultura
1593	durante gobierno dictador francisco franco cúal mayoría edad	Historia y cultura
1594	obra literatura griega aparece polifemo	Lengua y literatura
1595	habla cebuano	Lengua y literatura
1596	primer presidente historia f c barcelona	Deportes
1597	león garra  pato pata	Lógica e ingenio
1598	alto pino  pesa comino	Lógica e ingenio
1599	escribió cien años soledad	Lengua y literatura
1600	vida contaron monty phyton	Cine
1601	actor encarna presidente the west wing	Series
1602	llama supervisor turno día csi nueva york	Series
1603	llama empresa propietaria serie dibujos infantiles pocoyó	Infantil
1604	ciudad elfos noche world of warcraft	Videojuegos
1605	animal domestico comida favorita alf	Televisión
1606	planeta alf	Televisión
1607	colores logo pepsi	Miscelánia
1609	ciclista ganar cinco tours	Deportes
1610	año 2011 sido última película ganado 5 grandes oscars (película dirección actor actriz guión)	Cine
1613	nombre compuesto químico sal común	Ciencias
1614	nombre autor saga libros canción hielo fuego	Lengua y literatura
1615	estadio heyssel brusselas fué clausurado después batalla campal hubo muertos actualidad nombre reabierto puertas	Deportes
1616	extremidades carece venus milo	Arte
1617	acción realiza comando vim :wq	Tecnología
1618	siguientes conceptos ver metodologías ágiles	Tecnología
1619	completa frase serie héroes: salva _____ salva mundo	Series
1620	condimento ponen patatas fritas europa resulta chocante personajes pulp fiction	Cine
1621	barcelona	Geografía
1622	honor jugador retiró número 32 Ángeles lakers	Deportes
1623	literato dedicó quevedo famoso soneto comienza Érase hombre nariz pegado	Lengua y literatura
1624	significa alhambra	Arte
1625	jugador basket asocia mote dr j	Deportes
1626	llama zorro compañero sonic	Videojuegos
1627	ciudad encuentra bosnia herzegovina	Geografía
1628	gentilicio huelva	Lengua y literatura
1629	palabras palíndromo	Lengua y literatura
1630	representa símbolo lleva frente dr manhattan	Cine
1631	idioma ficticio hablado mundo	Miscelánia
1632	nombre tenía twitter llamarse así	Internet
1633	año fabricó mítico seat 600	Historia y cultura
1634	año comenzó revolución francesa	Historia y cultura
1635	río península ibérica	Geografía
1636	río caudaloso españa	Geografía
1637	pico alto españa	Geografía
1638	pico alto península ibérica	Geografía
1639	capital dinamarca	Geografía
1640	capital islandia	Geografía
1641	asociarias nombre ajax	Miscelánia
1642	título cuadro velazquez conocido lanzas	Arte
1643	animal aparece páginas error twitter	Internet
1644	unidades mide velocidad sitema internacional	Ciencias
1645	llama guitarrista banda buenafuente interviene ocasionalmente programa	Televisión
1646	tenista apuñalada durante partido especatdor	Deportes
1647	país natural mítico guitarrista carlos santana	Corazón y famosos
1648	año nació carlos santana	Corazón y famosos
1649	hablando poesia redondilla	Lengua y literatura
1650	autor obra fiesta chivo	Lengua y literatura
1651	dirigió película mejor imposible interpretada jack nicholson helen hunt	Cine
1652	dedicaba protagonista película coen: hombre estuvo	Cine
1653	dirigió 1994 clerks	Cine
1654	deporte favorito nota obra coen: gran lebowski	Cine
1655	cuándo desarrolló segunda guerra mundial	Historia y cultura
1656	siguientes servicios propiedad google	Internet
1657	nombre hermano mayor sherlock holmes	Lengua y literatura
1658	creador famosa saga sims	Videojuegos
1659	río mundo	Geografía
1662	denomina cáncer colorectal polipósipo	Biología
1663	año comenzó presidencia gobierno provisional república española manuel azaña	Historia y cultura
1664	escribió destrucción amor 1935	Lengua y literatura
1665	temporada ganó título acb club basket manresa	Deportes
1666	grupo español disco larga vida rock and roll	Música
1667	dónde nació azorín	Lengua y literatura
1668	pintor conoce españoleto	Arte
1669	vestuario fc barcelona referimos hablamos farándula	Deportes
1671	mayor organización juvenil mundo (aquella mayor número voluntarios activo)	Historia y cultura
1672	llama fundador movimiento scout	Historia y cultura
1673	vivienda humana entran moscas	Historia y cultura
1674	sinónimo reaccionario	Lengua y literatura
1675	islas está mar egeo	Geografía
1676	rango representable entero signo arquitectura 64 bits	Tecnología
1677	grupo británico canción sultans of swing	Música
1678	isla grande mundo	Geografía
1679	dónde encuentra transilvania	Geografía
1680	capital china	Geografía
1681	acertijo: día semana	Lógica e ingenio
1682	acertijo: número pones revés vale	Lógica e ingenio
1683	religiones monoteista	Religión
1684	ciencia ocupa estudio insectos	Ciencias
1685	autor obra literaria comienza lugar mancha	Lengua y literatura
1686	árbitros hay partido baloncesto	Deportes
1687	son padres zeus mitología griega	Historia y cultura
1688	convierte europa zeus raptarla	Historia y cultura
1690	jugó españa final copa mundo 2010	Deportes
1692	equipo coronó campeón copa intercontinental año 2000	Deportes
1723	instrumentos utiliza pesar	Miscelánia
1764	país mediterráneo exhibe bandera mapa	Geografía
